{
  "__comment": [
    "Mobs will be able to equip items declared here",
    "The first number is the weight while the second number is the quality",
    "Weight is the weight of an item. Higher weight means that the item is more likely to get choosen",
    "Quality is a modifier applied to the weight. The final weight used is weight + quality * current difficulty"
  ],
  "MAINHAND": {
    "aoa3:alacrity_bow": [
      1000,
      3.3789356
    ],
    "aoa3:ancient_bow": [
      545,
      3.0601368
    ],
    "aoa3:atlantic_bow": [
      560,
      3.08835
    ],
    "aoa3:baron_bow": [
      1,
      0.588
    ],
    "aoa3:baron_greatblade": [
      1,
      0.5936
    ],
    "aoa3:baron_sword": [
      395,
      3.5935385
    ],
    "aoa3:bloodfury": [
      325,
      3.526685
    ],
    "aoa3:bloodlurker": [
      1,
      0.58571994
    ],
    "aoa3:bloodstone_sword": [
      181,
      2.943922
    ],
    "aoa3:boreic_bow": [
      705,
      3.289999
    ],
    "aoa3:candlefire_sword": [
      1,
      0.58147997
    ],
    "aoa3:candy_blade": [
      1,
      0.57588
    ],
    "aoa3:caramel_carver": [
      1,
      0.5936
    ],
    "aoa3:chainsaw": [
      412,
      3.5930884
    ],
    "aoa3:coral_crossbow": [
      1000,
      3.3789356
    ],
    "aoa3:coral_greatblade": [
      1,
      0.56479996
    ],
    "aoa3:coralstorm_sword": [
      622,
      3.1896753
    ],
    "aoa3:cotton_crusher": [
      1,
      0.56952
    ],
    "aoa3:creepified_sword": [
      188,
      2.9900928
    ],
    "aoa3:creepoid_greatblade": [
      24,
      1.5859201
    ],
    "aoa3:crystal_greatblade": [
      1,
      0.57992
    ],
    "aoa3:crystallite_sword": [
      85,
      2.0317912
    ],
    "aoa3:daybreaker_bow": [
      710,
      3.2948477
    ],
    "aoa3:deep_bow": [
      950,
      3.3895
    ],
    "aoa3:emberstone_axe": [
      272,
      3.3919542
    ],
    "aoa3:emberstone_sword": [
      373,
      3.5848515
    ],
    "aoa3:energistic_axe": [
      72,
      1.8553047
    ],
    "aoa3:erebon_scythe": [
      1,
      0.58892
    ],
    "aoa3:explochron_sword": [
      1,
      0.59568
    ],
    "aoa3:explosive_bow": [
      850,
      3.3809927
    ],
    "aoa3:faunamancers_blade": [
      1254,
      3.191586
    ],
    "aoa3:fireborne_sword": [
      323,
      3.5230136
    ],
    "aoa3:gods_greatblade": [
      1,
      0.53679997
    ],
    "aoa3:goofy_axe": [
      1000,
      3.3789356
    ],
    "aoa3:goofy_greatblade": [
      1,
      0.58208
    ],
    "aoa3:guardians_sword": [
      1,
      0.59496003
    ],
    "aoa3:harvester_sword": [
      1,
      0.58492
    ],
    "aoa3:haunted_bow": [
      840,
      3.377838
    ],
    "aoa3:haunted_greatblade": [
      1,
      0.55664
    ],
    "aoa3:holy_sword": [
      700,
      3.2850192
    ],
    "aoa3:ice_bow": [
      1010,
      3.3757021
    ],
    "aoa3:illusion_sword": [
      49,
      1.4994652
    ],
    "aoa3:infernal_bow": [
      945,
      3.3900318
    ],
    "aoa3:jade_axe": [
      850,
      3.3809927
    ],
    "aoa3:jade_sword": [
      950,
      3.3895
    ],
    "aoa3:justice_bow": [
      840,
      3.377838
    ],
    "aoa3:knights_guard": [
      1,
      0.55204
    ],
    "aoa3:legbone_sword": [
      349,
      3.5627782
    ],
    "aoa3:lelyetian_greatblade": [
      65,
      1.7531668
    ],
    "aoa3:lights_way": [
      317,
      3.5113652
    ],
    "aoa3:limonite_axe": [
      1109,
      3.324564
    ],
    "aoa3:limonite_sword": [
      1226,
      3.2223125
    ],
    "aoa3:lunar_bow": [
      850,
      3.3809927
    ],
    "aoa3:lunar_crossbow": [
      1000,
      3.3789356
    ],
    "aoa3:lunar_greatblade": [
      332,
      3.5387182
    ],
    "aoa3:luxon_scythe": [
      1,
      0.59452003
    ],
    "aoa3:lyonic_greatblade": [
      1,
      0.59288
    ],
    "aoa3:mecha_bow": [
      835,
      3.3760962
    ],
    "aoa3:mecha_crossbow": [
      1000,
      3.3789356
    ],
    "aoa3:millennium_greatblade": [
      218,
      3.164052
    ],
    "aoa3:nethengeic_sword": [
      142,
      2.6423903
    ],
    "aoa3:nightmare_bow": [
      855,
      3.3824077
    ],
    "aoa3:noxious_greatblade": [
      1,
      0.57432
    ],
    "aoa3:occult_axe": [
      57,
      1.6298949
    ],
    "aoa3:ornamyte_axe": [
      219,
      3.169222
    ],
    "aoa3:pluton_scythe": [
      1,
      0.58892
    ],
    "aoa3:poison_bow": [
      825,
      3.3722808
    ],
    "aoa3:predatious_bow": [
      955,
      3.3888721
    ],
    "aoa3:primal_sword": [
      234,
      3.2422504
    ],
    "aoa3:primordial_bow": [
      625,
      3.1939814
    ],
    "aoa3:primordial_greatblade": [
      1,
      0.5588
    ],
    "aoa3:pyro_crossbow": [
      1000,
      3.3789356
    ],
    "aoa3:rock_pick_sword": [
      292,
      3.452248
    ],
    "aoa3:rockbasher_sword": [
      1,
      0.59156
    ],
    "aoa3:rosidian_bow": [
      850,
      3.3809927
    ],
    "aoa3:rosidian_crossbow": [
      1000,
      3.3789356
    ],
    "aoa3:rosidian_greatblade": [
      1,
      0.57788
    ],
    "aoa3:rosidian_sword": [
      1,
      0.59323996
    ],
    "aoa3:royal_greatblade": [
      9,
      3.57552
    ],
    "aoa3:runic_bow": [
      640,
      3.2147217
    ],
    "aoa3:runic_greatblade": [
      1,
      0.56479996
    ],
    "aoa3:runic_sword": [
      1,
      0.58324
    ],
    "aoa3:screamer_bow": [
      967,
      3.3869712
    ],
    "aoa3:selyan_scythe": [
      1,
      0.58892
    ],
    "aoa3:shadow_sword": [
      1,
      0.58628005
    ],
    "aoa3:shroomic_greatblade": [
      1,
      0.58424
    ],
    "aoa3:shroomus_sword": [
      11,
      3.8843198
    ],
    "aoa3:shyre_sword": [
      1,
      0.55512
    ],
    "aoa3:shyregem_bow": [
      550,
      3.069708
    ],
    "aoa3:skeletal_axe": [
      317,
      3.5113652
    ],
    "aoa3:skeletal_bow": [
      940,
      3.3904657
    ],
    "aoa3:skeletal_crossbow": [
      1000,
      3.3789356
    ],
    "aoa3:skeletal_sword": [
      480,
      3.5339415
    ],
    "aoa3:skydriver_bow": [
      875,
      3.386995
    ],
    "aoa3:slingshot": [
      700,
      3.2850192
    ],
    "aoa3:soulfire_bow": [
      750,
      3.3290434
    ],
    "aoa3:soulstone_axe": [
      116,
      2.3929307
    ],
    "aoa3:spectral_bow": [
      850,
      3.3809927
    ],
    "aoa3:spectral_crossbow": [
      1000,
      3.3789356
    ],
    "aoa3:speed_bow": [
      835,
      3.3760962
    ],
    "aoa3:subterranean_greatblade": [
      1,
      0.58592
    ],
    "aoa3:sunshine_bow": [
      535,
      3.0404854
    ],
    "aoa3:supremacy_sword": [
      58,
      1.6456951
    ],
    "aoa3:sweet_sword": [
      1,
      0.59568
    ],
    "aoa3:tidal_greatblade": [
      1,
      0.56772
    ],
    "aoa3:toxin_bow": [
      850,
      3.3809927
    ],
    "aoa3:troll_basher_axe": [
      382,
      3.5897017
    ],
    "aoa3:trolls_crossbow": [
      1000,
      3.3789356
    ],
    "aoa3:ultraflame": [
      1,
      0.5958
    ],
    "aoa3:underworld_greatblade": [
      80,
      1.965855
    ],
    "aoa3:viral_crossbow": [
      1000,
      3.3789356
    ],
    "aoa3:void_bow": [
      1000,
      3.3789356
    ],
    "aoa3:void_sword": [
      494,
      3.5111866
    ],
    "aoa3:weaken_bow": [
      950,
      3.3895
    ],
    "aoa3:wither_bow": [
      882,
      3.3882012
    ],
    "bhc:blade_of_vitality": [
      602,
      3.1595929
    ],
    "dimdoors:rift_blade": [
      1270,
      3.1729922
    ],
    "inventorypets:solstice_sword": [
      678,
      3.2615333
    ],
    "irons_spellbooks:claymore": [
      808,
      3.3647676
    ],
    "irons_spellbooks:keeper_flamberge": [
      750,
      3.3290434
    ],
    "irons_spellbooks:magehunter": [
      789,
      3.35481
    ],
    "minecolonies:chiefsword": [
      789,
      3.35481
    ],
    "minecolonies:iron_scimitar": [
      1225,
      3.2233663
    ],
    "minecolonies:pharaoscepter": [
      1108,
      3.3252485
    ],
    "minecraft:bow": [
      1108,
      3.3252485
    ],
    "minecraft:crossbow": [
      1000,
      3.3789356
    ],
    "minecraft:diamond_axe": [
      693,
      3.277826
    ],
    "minecraft:diamond_sword": [
      789,
      3.35481
    ],
    "minecraft:enchanted_book": [
      1100,
      3.330605
    ],
    "minecraft:golden_axe": [
      1248,
      3.1983666
    ],
    "minecraft:golden_sword": [
      1362,
      3.0519345
    ],
    "minecraft:iron_axe": [
      1087,
      3.3388495
    ],
    "minecraft:iron_sword": [
      1225,
      3.2233663
    ],
    "minecraft:lingering_potion{Potion:\"minecraft:harming\"}": [
      1050,
      3.3591573
    ],
    "minecraft:netherite_axe": [
      498,
      3.5040615
    ],
    "minecraft:netherite_sword": [
      602,
      3.1595929
    ],
    "minecraft:snowball": [
      1400,
      2.99516
    ],
    "minecraft:splash_potion{Potion:\"minecraft:harming\"}": [
      1050,
      3.3591573
    ],
    "minecraft:stone_axe": [
      1122,
      3.3153648
    ],
    "minecraft:stone_sword": [
      1298,
      3.138668
    ],
    "minecraft:tnt": [
      800,
      3.3607779
    ],
    "minecraft:trident": [
      900,
      3.3903658
    ],
    "minecraft:wooden_axe": [
      1240,
      3.2072408
    ],
    "minecraft:wooden_sword": [
      1354,
      3.0633936
    ],
    "mysticalagriculture:awakened_supremium_axe": [
      1,
      0.55236
    ],
    "mysticalagriculture:awakened_supremium_bow": [
      1300,
      3.1361308
    ],
    "mysticalagriculture:awakened_supremium_crossbow": [
      1000,
      3.3789356
    ],
    "mysticalagriculture:awakened_supremium_scythe": [
      1,
      0.56356
    ],
    "mysticalagriculture:awakened_supremium_sword": [
      1,
      0.56891996
    ],
    "mysticalagriculture:creative_soulium_dagger": [
      1,
      0.22972
    ],
    "mysticalagriculture:diamond_scythe": [
      743,
      3.3236387
    ],
    "mysticalagriculture:hostile_soulium_dagger": [
      868,
      3.385583
    ],
    "mysticalagriculture:imperium_axe": [
      1,
      0.53792
    ],
    "mysticalagriculture:imperium_bow": [
      1,
      0.528
    ],
    "mysticalagriculture:imperium_crossbow": [
      1000,
      3.3789356
    ],
    "mysticalagriculture:imperium_scythe": [
      1,
      0.54528004
    ],
    "mysticalagriculture:imperium_sword": [
      1,
      0.54871994
    ],
    "mysticalagriculture:inferium_axe": [
      450,
      3.5708764
    ],
    "mysticalagriculture:inferium_bow": [
      300,
      3.473069
    ],
    "mysticalagriculture:inferium_crossbow": [
      1000,
      3.3789356
    ],
    "mysticalagriculture:inferium_scythe": [
      562,
      3.091999
    ],
    "mysticalagriculture:inferium_sword": [
      612,
      3.174935
    ],
    "mysticalagriculture:passive_soulium_dagger": [
      868,
      3.385583
    ],
    "mysticalagriculture:prudentium_axe": [
      82,
      1.9925125
    ],
    "mysticalagriculture:prudentium_bow": [
      1,
      0.592
    ],
    "mysticalagriculture:prudentium_crossbow": [
      1000,
      3.3789356
    ],
    "mysticalagriculture:prudentium_scythe": [
      210,
      3.1212783
    ],
    "mysticalagriculture:prudentium_sword": [
      268,
      3.3784287
    ],
    "mysticalagriculture:soulium_dagger": [
      1138,
      3.3032818
    ],
    "mysticalagriculture:supremium_axe": [
      1,
      0.57916
    ],
    "mysticalagriculture:supremium_bow": [
      1300,
      3.1361308
    ],
    "mysticalagriculture:supremium_crossbow": [
      1000,
      3.3789356
    ],
    "mysticalagriculture:supremium_scythe": [
      1,
      0.58876
    ],
    "mysticalagriculture:supremium_sword": [
      1,
      0.59332
    ],
    "mysticalagriculture:tertium_axe": [
      1,
      0.576
    ],
    "mysticalagriculture:tertium_bow": [
      1,
      0.568
    ],
    "mysticalagriculture:tertium_crossbow": [
      1000,
      3.3789356
    ],
    "mysticalagriculture:tertium_scythe": [
      1,
      0.58208
    ],
    "mysticalagriculture:tertium_sword": [
      1,
      0.58488
    ],
    "simple_weapons:adamantite_dagger": [
      1338,
      3.085787
    ],
    "simple_weapons:adamantite_fist": [
      1174,
      3.2730825
    ],
    "simple_weapons:adamantite_greatsword": [
      1148,
      3.2953086
    ],
    "simple_weapons:adamantite_katana": [
      1235,
      3.2126904
    ],
    "simple_weapons:adamantite_scimitar": [
      1300,
      3.1361308
    ],
    "simple_weapons:adamantite_scythe": [
      1235,
      3.2126904
    ],
    "simple_weapons:adamantite_sickle": [
      1212,
      3.2367954
    ],
    "simple_weapons:adamantite_spear": [
      852,
      3.3815718
    ],
    "simple_weapons:corinthium_dagger": [
      1110,
      3.323876
    ],
    "simple_weapons:corinthium_fist": [
      985,
      3.3830943
    ],
    "simple_weapons:corinthium_greatsword": [
      962,
      3.387831
    ],
    "simple_weapons:corinthium_katana": [
      1017,
      3.373222
    ],
    "simple_weapons:corinthium_scimitar": [
      1076,
      3.3453784
    ],
    "simple_weapons:corinthium_scythe": [
      1017,
      3.373222
    ],
    "simple_weapons:corinthium_sickle": [
      996,
      3.3801265
    ],
    "simple_weapons:corinthium_spear": [
      726,
      3.309497
    ],
    "simple_weapons:diamond_dagger": [
      887,
      3.388937
    ],
    "simple_weapons:diamond_fist": [
      743,
      3.3236387
    ],
    "simple_weapons:diamond_greatsword": [
      719,
      3.3032491
    ],
    "simple_weapons:diamond_halberd": [
      453,
      3.5679297
    ],
    "simple_weapons:diamond_katana": [
      789,
      3.35481
    ],
    "simple_weapons:diamond_scimitar": [
      851,
      3.3812842
    ],
    "simple_weapons:diamond_scythe": [
      789,
      3.35481
    ],
    "simple_weapons:diamond_sickle": [
      767,
      3.3411715
    ],
    "simple_weapons:electrum_dagger": [
      887,
      3.388937
    ],
    "simple_weapons:electrum_fist": [
      743,
      3.3236387
    ],
    "simple_weapons:electrum_greatsword": [
      719,
      3.3032491
    ],
    "simple_weapons:electrum_katana": [
      789,
      3.35481
    ],
    "simple_weapons:electrum_scimitar": [
      851,
      3.3812842
    ],
    "simple_weapons:electrum_scythe": [
      789,
      3.35481
    ],
    "simple_weapons:electrum_sickle": [
      767,
      3.3411715
    ],
    "simple_weapons:electrum_spear": [
      453,
      3.5679297
    ],
    "simple_weapons:fiery_dagger": [
      1012,
      3.3750117
    ],
    "simple_weapons:fiery_fist": [
      828,
      3.3734722
    ],
    "simple_weapons:fiery_greatsword": [
      800,
      3.3607779
    ],
    "simple_weapons:fiery_katana": [
      904,
      3.390666
    ],
    "simple_weapons:fiery_scimitar": [
      972,
      3.386017
    ],
    "simple_weapons:fiery_scythe": [
      904,
      3.390666
    ],
    "simple_weapons:fiery_sickle": [
      880,
      3.3878775
    ],
    "simple_weapons:fiery_spear": [
      470,
      3.5480747
    ],
    "simple_weapons:iron_dagger": [
      1312,
      3.1206698
    ],
    "simple_weapons:iron_fist": [
      1204,
      3.2448041
    ],
    "simple_weapons:iron_greatsword": [
      1183,
      3.2648926
    ],
    "simple_weapons:iron_katana": [
      1225,
      3.2233663
    ],
    "simple_weapons:iron_scimitar": [
      1280,
      3.1609912
    ],
    "simple_weapons:iron_scythe": [
      1225,
      3.2233663
    ],
    "simple_weapons:iron_sickle": [
      1204,
      3.2448041
    ],
    "simple_weapons:iron_spear": [
      975,
      3.3853989
    ],
    "simple_weapons:ironwood_dagger": [
      1233,
      3.2148497
    ],
    "simple_weapons:ironwood_fist": [
      1125,
      3.313163
    ],
    "simple_weapons:ironwood_greatsword": [
      1104,
      3.327953
    ],
    "simple_weapons:ironwood_katana": [
      1146,
      3.2969286
    ],
    "simple_weapons:ironwood_scimitar": [
      1201,
      3.2477574
    ],
    "simple_weapons:ironwood_scythe": [
      1146,
      3.2969286
    ],
    "simple_weapons:ironwood_sickle": [
      1125,
      3.313163
    ],
    "simple_weapons:ironwood_spear": [
      896,
      3.3900006
    ],
    "simple_weapons:knightmetal_dagger": [
      1201,
      3.2477574
    ],
    "simple_weapons:knightmetal_fist": [
      1058,
      3.3551679
    ],
    "simple_weapons:knightmetal_greatsword": [
      1033,
      3.3668878
    ],
    "simple_weapons:knightmetal_katana": [
      1104,
      3.327953
    ],
    "simple_weapons:knightmetal_scimitar": [
      1165,
      3.281019
    ],
    "simple_weapons:knightmetal_scythe": [
      1104,
      3.327953
    ],
    "simple_weapons:knightmetal_sickle": [
      1081,
      3.3424618
    ],
    "simple_weapons:knightmetal_spear": [
      768,
      3.3418407
    ],
    "simple_weapons:netherite_dagger": [
      710,
      3.2948477
    ],
    "simple_weapons:netherite_fist": [
      526,
      3.0222108
    ],
    "simple_weapons:netherite_greatsword": [
      498,
      3.5040615
    ],
    "simple_weapons:netherite_halberd": [
      168,
      2.8520744
    ],
    "simple_weapons:netherite_katana": [
      602,
      3.1595929
    ],
    "simple_weapons:netherite_scimitar": [
      670,
      3.2523458
    ],
    "simple_weapons:netherite_scythe": [
      602,
      3.1595929
    ],
    "simple_weapons:netherite_sickle": [
      578,
      3.120255
    ],
    "simple_weapons:pendorite_dagger": [
      550,
      3.069708
    ],
    "simple_weapons:pendorite_fist": [
      300,
      3.473069
    ],
    "simple_weapons:pendorite_greatsword": [
      269,
      3.381857
    ],
    "simple_weapons:pendorite_halberd": [
      1,
      0.59072
    ],
    "simple_weapons:pendorite_katana": [
      412,
      3.5930884
    ],
    "simple_weapons:pendorite_scimitar": [
      485,
      3.5262084
    ],
    "simple_weapons:pendorite_scythe": [
      412,
      3.5930884
    ],
    "simple_weapons:pendorite_sickle": [
      385,
      3.590916
    ],
    "simple_weapons:steeleaf_dagger": [
      1316,
      3.1154249
    ],
    "simple_weapons:steeleaf_fist": [
      1172,
      3.2748682
    ],
    "simple_weapons:steeleaf_greatsword": [
      1148,
      3.2953086
    ],
    "simple_weapons:steeleaf_katana": [
      1218,
      3.2306612
    ],
    "simple_weapons:steeleaf_scimitar": [
      1280,
      3.1609912
    ],
    "simple_weapons:steeleaf_scythe": [
      1218,
      3.2306612
    ],
    "simple_weapons:steeleaf_sickle": [
      1196,
      3.2526171
    ],
    "simple_weapons:steeleaf_spear": [
      882,
      3.3882012
    ],
    "simple_weapons:stone_dagger": [
      1362,
      3.0519345
    ],
    "simple_weapons:stone_fist": [
      1280,
      3.1609912
    ],
    "simple_weapons:stone_greatsword": [
      1260,
      3.1847003
    ],
    "simple_weapons:stone_katana": [
      1298,
      3.138668
    ],
    "simple_weapons:stone_scimitar": [
      1332,
      3.094004
    ],
    "simple_weapons:stone_scythe": [
      1298,
      3.138668
    ],
    "simple_weapons:stone_sickle": [
      1280,
      3.1609912
    ],
    "simple_weapons:stone_spear": [
      1122,
      3.3153648
    ],
    "simple_weapons:warden_dagger": [
      540,
      3.050397
    ],
    "simple_weapons:warden_fist": [
      280,
      3.4175177
    ],
    "simple_weapons:warden_greatsword": [
      248,
      3.3030648
    ],
    "simple_weapons:warden_katana": [
      396,
      3.5936816
    ],
    "simple_weapons:warden_scimitar": [
      496,
      3.5076582
    ],
    "simple_weapons:warden_scythe": [
      422,
      3.590024
    ],
    "simple_weapons:warden_sickle": [
      368,
      3.5813637
    ],
    "simple_weapons:warden_spear": [
      1,
      0.58772
    ],
    "simplyswords:arcanethyst": [
      1,
      0.59364
    ],
    "simplyswords:awakened_lichblade": [
      1,
      0.59364
    ],
    "simplyswords:bramblethorn": [
      1240,
      3.2072408
    ],
    "simplyswords:brimstone_claymore": [
      7,
      3.09008
    ],
    "simplyswords:diamond_chakram": [
      831,
      3.3746235
    ],
    "simplyswords:diamond_claymore": [
      693,
      3.277826
    ],
    "simplyswords:diamond_cutlass": [
      789,
      3.35481
    ],
    "simplyswords:diamond_glaive": [
      789,
      3.35481
    ],
    "simplyswords:diamond_greataxe": [
      639,
      3.2133799
    ],
    "simplyswords:diamond_greathammer": [
      581,
      3.12537
    ],
    "simplyswords:diamond_halberd": [
      639,
      3.2133799
    ],
    "simplyswords:diamond_katana": [
      789,
      3.35481
    ],
    "simplyswords:diamond_longsword": [
      789,
      3.35481
    ],
    "simplyswords:diamond_rapier": [
      831,
      3.3746235
    ],
    "simplyswords:diamond_sai": [
      903,
      3.3905966
    ],
    "simplyswords:diamond_scythe": [
      743,
      3.3236387
    ],
    "simplyswords:diamond_spear": [
      789,
      3.35481
    ],
    "simplyswords:diamond_twinblade": [
      789,
      3.35481
    ],
    "simplyswords:diamond_warglaive": [
      789,
      3.35481
    ],
    "simplyswords:dormant_relic": [
      181,
      2.943922
    ],
    "simplyswords:emberblade": [
      181,
      2.943922
    ],
    "simplyswords:frostfall": [
      69,
      1.8121682
    ],
    "simplyswords:gold_chakram": [
      1392,
      3.0074317
    ],
    "simplyswords:gold_claymore": [
      1290,
      3.148703
    ],
    "simplyswords:gold_cutlass": [
      1362,
      3.0519345
    ],
    "simplyswords:gold_glaive": [
      1362,
      3.0519345
    ],
    "simplyswords:gold_greataxe": [
      1248,
      3.1983666
    ],
    "simplyswords:gold_greathammer": [
      1202,
      3.2467754
    ],
    "simplyswords:gold_halberd": [
      1248,
      3.1983666
    ],
    "simplyswords:gold_katana": [
      1362,
      3.0519345
    ],
    "simplyswords:gold_longsword": [
      1362,
      3.0519345
    ],
    "simplyswords:gold_rapier": [
      1392,
      3.0074317
    ],
    "simplyswords:gold_sai": [
      1440,
      2.931293
    ],
    "simplyswords:gold_scythe": [
      1328,
      3.0994248
    ],
    "simplyswords:gold_spear": [
      1362,
      3.0519345
    ],
    "simplyswords:gold_twinblade": [
      1362,
      3.0519345
    ],
    "simplyswords:gold_warglaive": [
      1362,
      3.0519345
    ],
    "simplyswords:harbinger": [
      181,
      2.943922
    ],
    "simplyswords:hearthflame": [
      1,
      0.59084004
    ],
    "simplyswords:icewhisper": [
      1,
      0.59364
    ],
    "simplyswords:iron_chakram": [
      1263,
      3.1812177
    ],
    "simplyswords:iron_claymore": [
      1137,
      3.3040621
    ],
    "simplyswords:iron_cutlass": [
      1225,
      3.2233663
    ],
    "simplyswords:iron_glaive": [
      1225,
      3.2233663
    ],
    "simplyswords:iron_greataxe": [
      1087,
      3.3388495
    ],
    "simplyswords:iron_greathammer": [
      1033,
      3.3668878
    ],
    "simplyswords:iron_halberd": [
      1087,
      3.3388495
    ],
    "simplyswords:iron_katana": [
      1225,
      3.2233663
    ],
    "simplyswords:iron_longsword": [
      1225,
      3.2233663
    ],
    "simplyswords:iron_rapier": [
      1263,
      3.1812177
    ],
    "simplyswords:iron_sai": [
      1327,
      3.1007733
    ],
    "simplyswords:iron_scythe": [
      1183,
      3.2648926
    ],
    "simplyswords:iron_spear": [
      1225,
      3.2233663
    ],
    "simplyswords:iron_twinblade": [
      1225,
      3.2233663
    ],
    "simplyswords:iron_warglaive": [
      1225,
      3.2233663
    ],
    "simplyswords:livyatan": [
      127,
      2.50379
    ],
    "simplyswords:mjolnir": [
      181,
      2.943922
    ],
    "simplyswords:molten_edge": [
      127,
      2.50379
    ],
    "simplyswords:netherite_chakram": [
      648,
      3.2252514
    ],
    "simplyswords:netherite_claymore": [
      498,
      3.5040615
    ],
    "simplyswords:netherite_cutlass": [
      602,
      3.1595929
    ],
    "simplyswords:netherite_glaive": [
      602,
      3.1595929
    ],
    "simplyswords:netherite_greataxe": [
      440,
      3.579464
    ],
    "simplyswords:netherite_greathammer": [
      378,
      3.587771
    ],
    "simplyswords:netherite_halberd": [
      440,
      3.579464
    ],
    "simplyswords:netherite_katana": [
      602,
      3.1595929
    ],
    "simplyswords:netherite_longsword": [
      602,
      3.1595929
    ],
    "simplyswords:netherite_rapier": [
      648,
      3.2252514
    ],
    "simplyswords:netherite_sai": [
      728,
      3.311236
    ],
    "simplyswords:netherite_scythe": [
      552,
      3.0734897
    ],
    "simplyswords:netherite_spear": [
      602,
      3.1595929
    ],
    "simplyswords:netherite_twinblade": [
      602,
      3.1595929
    ],
    "simplyswords:netherite_warglaive": [
      602,
      3.1595929
    ],
    "simplyswords:righteous_relic": [
      181,
      2.943922
    ],
    "simplyswords:runic_chakram": [
      602,
      3.1595929
    ],
    "simplyswords:runic_claymore": [
      440,
      3.579464
    ],
    "simplyswords:runic_cutlass": [
      552,
      3.0734897
    ],
    "simplyswords:runic_glaive": [
      552,
      3.0734897
    ],
    "simplyswords:runic_greataxe": [
      378,
      3.587771
    ],
    "simplyswords:runic_greathammer": [
      312,
      3.500923
    ],
    "simplyswords:runic_halberd": [
      378,
      3.587771
    ],
    "simplyswords:runic_katana": [
      552,
      3.0734897
    ],
    "simplyswords:runic_longsword": [
      552,
      3.0734897
    ],
    "simplyswords:runic_rapier": [
      602,
      3.1595929
    ],
    "simplyswords:runic_sai": [
      690,
      3.2746646
    ],
    "simplyswords:runic_scythe": [
      498,
      3.5040615
    ],
    "simplyswords:runic_spear": [
      552,
      3.0734897
    ],
    "simplyswords:runic_twinblade": [
      552,
      3.0734897
    ],
    "simplyswords:runic_warglaive": [
      552,
      3.0734897
    ],
    "simplyswords:shadowsting": [
      391,
      3.5927505
    ],
    "simplyswords:slumbering_lichblade": [
      1,
      0.59364
    ],
    "simplyswords:soulkeeper": [
      1,
      0.59084004
    ],
    "simplyswords:soulpyre": [
      1,
      0.59364
    ],
    "simplyswords:soulrender": [
      127,
      2.50379
    ],
    "simplyswords:soulstealer": [
      319,
      3.515354
    ],
    "simplyswords:stormbringer": [
      181,
      2.943922
    ],
    "simplyswords:storms_edge": [
      181,
      2.943922
    ],
    "simplyswords:sunfire": [
      181,
      2.943922
    ],
    "simplyswords:sword_on_a_stick": [
      1282,
      3.1585577
    ],
    "simplyswords:tainted_relic": [
      181,
      2.943922
    ],
    "simplyswords:thunderbrand": [
      1,
      0.59364
    ],
    "simplyswords:toxic_longsword": [
      181,
      2.943922
    ],
    "simplyswords:twisted_blade": [
      127,
      2.50379
    ],
    "simplyswords:waking_lichblade": [
      1,
      0.59364
    ],
    "simplyswords:watcher_claymore": [
      7,
      3.09008
    ],
    "simplyswords:watching_warglaive": [
      181,
      2.943922
    ],
    "simplyswords:whisperwind": [
      181,
      2.943922
    ],
    "stalwart_dungeons:awful_dagger": [
      805,
      3.3633065
    ],
    "stalwart_dungeons:chorundum_axe": [
      443,
      3.5770888
    ],
    "stalwart_dungeons:chorundum_sword": [
      555,
      3.0791123
    ],
    "stalwart_dungeons:tungsten_axe": [
      910,
      3.3909936
    ],
    "stalwart_dungeons:tungsten_sword": [
      987,
      3.382588
    ],
    "twilightforest:diamond_minotaur_axe": [
      639,
      3.2133799
    ],
    "twilightforest:ender_bow": [
      1108,
      3.3252485
    ],
    "twilightforest:fiery_sword": [
      904,
      3.390666
    ],
    "twilightforest:giant_sword": [
      680,
      3.2637758
    ],
    "twilightforest:glass_sword": [
      1,
      0.50112
    ],
    "twilightforest:gold_minotaur_axe": [
      1248,
      3.1983666
    ],
    "twilightforest:ice_bow": [
      1108,
      3.3252485
    ],
    "twilightforest:ice_sword": [
      1225,
      3.2233663
    ],
    "twilightforest:ironwood_axe": [
      1008,
      3.3763785
    ],
    "twilightforest:ironwood_sword": [
      1146,
      3.2969286
    ],
    "twilightforest:knightmetal_axe": [
      954,
      3.3890054
    ],
    "twilightforest:knightmetal_sword": [
      1104,
      3.327953
    ],
    "twilightforest:seeker_bow": [
      1108,
      3.3252485
    ],
    "twilightforest:steeleaf_axe": [
      1068,
      3.349867
    ],
    "twilightforest:steeleaf_sword": [
      1218,
      3.2306612
    ],
    "twilightforest:triple_bow": [
      1108,
      3.3252485
    ],
    "undergarden:cloggrum_axe": [
      1076,
      3.3453784
    ],
    "undergarden:cloggrum_battleaxe": [
      792,
      3.3564937
    ],
    "undergarden:cloggrum_sword": [
      1172,
      3.2748682
    ],
    "undergarden:forgotten_axe": [
      599,
      3.1548715
    ],
    "undergarden:forgotten_battleaxe": [
      1,
      0.57048
    ],
    "undergarden:forgotten_sword": [
      695,
      3.2799077
    ],
    "undergarden:froststeel_axe": [
      989,
      3.382067
    ],
    "undergarden:froststeel_sword": [
      1127,
      3.3116786
    ],
    "undergarden:utherium_axe": [
      751,
      3.329795
    ],
    "undergarden:utherium_sword": [
      851,
      3.3812842
    ]
  },
  "OFFHAND": {
    "minecraft:ender_pearl": [
      1100,
      3.330605
    ],
    "minecraft:flint_and_steel": [
      1200,
      3.248736
    ],
    "minecraft:lava_bucket": [
      900,
      3.3903658
    ],
    "minecraft:shield": [
      1350,
      3.0690577
    ],
    "twilightforest:knightmetal_shield": [
      1350,
      3.0690577
    ],
    "undergarden:cloggrum_shield": [
      1350,
      3.0690577
    ]
  },
  "FEET": {
    "aoa3:alacrity_boots": [
      1,
      0.53304
    ],
    "aoa3:archaic_boots": [
      1,
      0.49828
    ],
    "aoa3:baron_boots": [
      1,
      0.49488
    ],
    "aoa3:battleborn_boots": [
      1,
      0.49956
    ],
    "aoa3:biogenic_boots": [
      1,
      0.57564
    ],
    "aoa3:boreic_boots": [
      1,
      0.50144
    ],
    "aoa3:candy_boots": [
      1,
      0.53052
    ],
    "aoa3:commander_boots": [
      1,
      0.50144
    ],
    "aoa3:crystallis_boots": [
      1,
      0.5324
    ],
    "aoa3:elecanyte_boots": [
      1,
      0.5008
    ],
    "aoa3:embrodium_boots": [
      1,
      0.56064004
    ],
    "aoa3:exoplate_boots": [
      1,
      0.56
    ],
    "aoa3:explosive_boots": [
      1,
      0.55308
    ],
    "aoa3:fungal_boots": [
      1,
      0.53616
    ],
    "aoa3:ghastly_boots": [
      1,
      0.50144
    ],
    "aoa3:ghoulish_boots": [
      1,
      0.50204
    ],
    "aoa3:hazmat_boots": [
      306,
      3.4874947
    ],
    "aoa3:hydrangic_boots": [
      1,
      0.53364
    ],
    "aoa3:hydroplate_boots": [
      1,
      0.49892002
    ],
    "aoa3:ice_boots": [
      429,
      3.5866778
    ],
    "aoa3:infernal_boots": [
      1,
      0.5644
    ],
    "aoa3:knight_boots": [
      1,
      0.4964
    ],
    "aoa3:lunar_boots": [
      1,
      0.5008
    ],
    "aoa3:lyndamyte_boots": [
      1,
      0.58055997
    ],
    "aoa3:lyonic_boots": [
      1,
      0.53836
    ],
    "aoa3:mercurial_boots": [
      1,
      0.56252
    ],
    "aoa3:necro_boots": [
      1,
      0.50016
    ],
    "aoa3:nethengeic_boots": [
      1,
      0.56316
    ],
    "aoa3:nightmare_boots": [
      1,
      0.5008
    ],
    "aoa3:old_boot": [
      827,
      3.3730795
    ],
    "aoa3:omni_boots": [
      1,
      0.56816
    ],
    "aoa3:phantasm_boots": [
      1,
      0.53552
    ],
    "aoa3:poison_boots": [
      1,
      0.5324
    ],
    "aoa3:predatious_boots": [
      1,
      0.55688
    ],
    "aoa3:primordial_boots": [
      1,
      0.50144
    ],
    "aoa3:purity_boots": [
      1,
      0.51471996
    ],
    "aoa3:rockbone_boots": [
      1,
      0.56064004
    ],
    "aoa3:rosidian_boots": [
      1,
      0.53304
    ],
    "aoa3:runic_boots": [
      1,
      0.4916
    ],
    "aoa3:sharpshot_boots": [
      1,
      0.53364
    ],
    "aoa3:skeletal_boots": [
      1,
      0.56188
    ],
    "aoa3:spaceking_boots": [
      1,
      0.50144
    ],
    "aoa3:speed_boots": [
      1,
      0.50724
    ],
    "aoa3:subterranean_boots": [
      1,
      0.5594
    ],
    "aoa3:utopian_boots": [
      1,
      0.57115996
    ],
    "aoa3:void_boots": [
      1,
      0.58684003
    ],
    "aoa3:weaken_boots": [
      1,
      0.56128
    ],
    "aoa3:wither_boots": [
      1,
      0.53428
    ],
    "aoa3:zargonite_boots": [
      1,
      0.50016
    ],
    "create:copper_diving_boots": [
      1141,
      3.3009238
    ],
    "create:netherite_diving_boots": [
      361,
      3.5755088
    ],
    "dimdoors:garment_of_reality_boots": [
      1302,
      3.133582
    ],
    "dimdoors:world_thread_boots": [
      1302,
      3.133582
    ],
    "inventorypets:solstice_boots": [
      1,
      0.44856
    ],
    "irons_spellbooks:archevoker_boots": [
      29,
      1.1569993
    ],
    "irons_spellbooks:cryomancer_boots": [
      29,
      1.1569993
    ],
    "irons_spellbooks:cultist_boots": [
      29,
      1.1569993
    ],
    "irons_spellbooks:electromancer_boots": [
      29,
      1.1569993
    ],
    "irons_spellbooks:plagued_boots": [
      29,
      1.1569993
    ],
    "irons_spellbooks:priest_boots": [
      29,
      1.1569993
    ],
    "irons_spellbooks:pumpkin_boots": [
      90,
      2.0954266
    ],
    "irons_spellbooks:pyromancer_boots": [
      29,
      1.1569993
    ],
    "irons_spellbooks:shadowwalker_boots": [
      29,
      1.1569993
    ],
    "irons_spellbooks:wandering_magician_boots": [
      805,
      3.3633065
    ],
    "minecolonies:pirate_boots": [
      88,
      2.070242
    ],
    "minecolonies:pirate_shoes": [
      487,
      3.5229917
    ],
    "minecolonies:plate_armor_boots": [
      1,
      0.58704
    ],
    "minecraft:chainmail_boots": [
      1098,
      3.3319101
    ],
    "minecraft:diamond_boots": [
      444,
      3.5762582
    ],
    "minecraft:golden_boots": [
      1201,
      3.2477574
    ],
    "minecraft:iron_boots": [
      954,
      3.3890054
    ],
    "minecraft:leather_boots": [
      1356,
      3.060545
    ],
    "minecraft:netherite_boots": [
      361,
      3.5755088
    ],
    "mysticalagriculture:awakened_supremium_boots": [
      1,
      0.36420003
    ],
    "mysticalagriculture:imperium_boots": [
      1,
      0.51092
    ],
    "mysticalagriculture:inferium_boots": [
      1,
      0.59040004
    ],
    "mysticalagriculture:prudentium_boots": [
      1,
      0.57128
    ],
    "mysticalagriculture:supremium_boots": [
      1,
      0.43048
    ],
    "mysticalagriculture:tertium_boots": [
      1,
      0.54628
    ],
    "stalwart_dungeons:chorundum_armor_boots": [
      1,
      0.57436
    ],
    "stalwart_dungeons:tungsten_boots": [
      1,
      0.59056
    ],
    "stalwart_dungeons:warted_tungsten_boots": [
      1,
      0.59056
    ],
    "twilightforest:arctic_boots": [
      688,
      3.2725298
    ],
    "twilightforest:fiery_boots": [
      1,
      0.58528
    ],
    "twilightforest:ironwood_boots": [
      606,
      3.1658027
    ],
    "twilightforest:knightmetal_boots": [
      245,
      3.2906084
    ],
    "twilightforest:steeleaf_boots": [
      378,
      3.587771
    ],
    "twilightforest:yeti_boots": [
      143,
      2.6511462
    ],
    "undergarden:cloggrum_boots": [
      748,
      3.3275235
    ],
    "undergarden:froststeel_boots": [
      186,
      2.9771285
    ],
    "undergarden:utherium_boots": [
      22,
      2.42528
    ]
  },
  "LEGS": {
    "aoa3:alacrity_leggings": [
      1,
      0.53304
    ],
    "aoa3:archaic_leggings": [
      1,
      0.49828
    ],
    "aoa3:baron_leggings": [
      1,
      0.49488
    ],
    "aoa3:battleborn_leggings": [
      1,
      0.49956
    ],
    "aoa3:biogenic_leggings": [
      1,
      0.57564
    ],
    "aoa3:boreic_leggings": [
      1,
      0.50144
    ],
    "aoa3:candy_leggings": [
      1,
      0.53052
    ],
    "aoa3:commander_leggings": [
      1,
      0.50144
    ],
    "aoa3:crystallis_leggings": [
      1,
      0.5324
    ],
    "aoa3:elecanyte_leggings": [
      1,
      0.5008
    ],
    "aoa3:embrodium_leggings": [
      1,
      0.56064004
    ],
    "aoa3:exoplate_leggings": [
      1,
      0.56
    ],
    "aoa3:explosive_leggings": [
      1,
      0.55308
    ],
    "aoa3:fungal_leggings": [
      1,
      0.53616
    ],
    "aoa3:ghastly_leggings": [
      1,
      0.50144
    ],
    "aoa3:ghoulish_leggings": [
      1,
      0.50204
    ],
    "aoa3:hazmat_leggings": [
      306,
      3.4874947
    ],
    "aoa3:hydrangic_leggings": [
      1,
      0.53364
    ],
    "aoa3:hydroplate_leggings": [
      1,
      0.49892002
    ],
    "aoa3:ice_leggings": [
      429,
      3.5866778
    ],
    "aoa3:infernal_leggings": [
      1,
      0.5644
    ],
    "aoa3:knight_leggings": [
      1,
      0.4964
    ],
    "aoa3:lunar_leggings": [
      1,
      0.5008
    ],
    "aoa3:lyndamyte_leggings": [
      1,
      0.58055997
    ],
    "aoa3:lyonic_leggings": [
      1,
      0.53836
    ],
    "aoa3:mercurial_leggings": [
      1,
      0.56252
    ],
    "aoa3:necro_leggings": [
      1,
      0.50016
    ],
    "aoa3:nethengeic_leggings": [
      1,
      0.56316
    ],
    "aoa3:nightmare_leggings": [
      1,
      0.5008
    ],
    "aoa3:omni_leggings": [
      1,
      0.56816
    ],
    "aoa3:phantasm_leggings": [
      1,
      0.53552
    ],
    "aoa3:poison_leggings": [
      1,
      0.5324
    ],
    "aoa3:predatious_leggings": [
      1,
      0.55688
    ],
    "aoa3:primordial_leggings": [
      1,
      0.50144
    ],
    "aoa3:purity_leggings": [
      1,
      0.51471996
    ],
    "aoa3:rockbone_leggings": [
      1,
      0.56064004
    ],
    "aoa3:rosidian_leggings": [
      1,
      0.53304
    ],
    "aoa3:runic_leggings": [
      1,
      0.4916
    ],
    "aoa3:sharpshot_leggings": [
      1,
      0.53364
    ],
    "aoa3:skeletal_leggings": [
      1,
      0.56188
    ],
    "aoa3:spaceking_leggings": [
      1,
      0.50144
    ],
    "aoa3:speed_leggings": [
      1,
      0.50724
    ],
    "aoa3:subterranean_leggings": [
      1,
      0.5594
    ],
    "aoa3:utopian_leggings": [
      1,
      0.57115996
    ],
    "aoa3:void_leggings": [
      1,
      0.58684003
    ],
    "aoa3:weaken_leggings": [
      1,
      0.56128
    ],
    "aoa3:wither_leggings": [
      1,
      0.53428
    ],
    "aoa3:zargonite_leggings": [
      1,
      0.50016
    ],
    "dimdoors:garment_of_reality_leggings": [
      1302,
      3.133582
    ],
    "dimdoors:world_thread_leggings": [
      1302,
      3.133582
    ],
    "inventorypets:solstice_leggings": [
      1,
      0.44856
    ],
    "irons_spellbooks:archevoker_leggings": [
      29,
      1.1569993
    ],
    "irons_spellbooks:cryomancer_leggings": [
      29,
      1.1569993
    ],
    "irons_spellbooks:cultist_leggings": [
      29,
      1.1569993
    ],
    "irons_spellbooks:electromancer_leggings": [
      29,
      1.1569993
    ],
    "irons_spellbooks:plagued_leggings": [
      29,
      1.1569993
    ],
    "irons_spellbooks:priest_leggings": [
      29,
      1.1569993
    ],
    "irons_spellbooks:pumpkin_leggings": [
      90,
      2.0954266
    ],
    "irons_spellbooks:pyromancer_leggings": [
      29,
      1.1569993
    ],
    "irons_spellbooks:shadowwalker_leggings": [
      29,
      1.1569993
    ],
    "irons_spellbooks:wandering_magician_leggings": [
      805,
      3.3633065
    ],
    "minecolonies:pirate_leggins": [
      88,
      2.070242
    ],
    "minecolonies:pirate_legs": [
      487,
      3.5229917
    ],
    "minecolonies:plate_armor_legs": [
      1,
      0.58704
    ],
    "minecraft:chainmail_leggings": [
      1098,
      3.3319101
    ],
    "minecraft:diamond_leggings": [
      444,
      3.5762582
    ],
    "minecraft:golden_leggings": [
      1201,
      3.2477574
    ],
    "minecraft:iron_leggings": [
      954,
      3.3890054
    ],
    "minecraft:leather_leggings": [
      1356,
      3.060545
    ],
    "minecraft:netherite_leggings": [
      361,
      3.5755088
    ],
    "mysticalagriculture:awakened_supremium_leggings": [
      1,
      0.36420003
    ],
    "mysticalagriculture:imperium_leggings": [
      1,
      0.51092
    ],
    "mysticalagriculture:inferium_leggings": [
      1,
      0.59040004
    ],
    "mysticalagriculture:prudentium_leggings": [
      1,
      0.57128
    ],
    "mysticalagriculture:supremium_leggings": [
      1,
      0.43048
    ],
    "mysticalagriculture:tertium_leggings": [
      1,
      0.54628
    ],
    "stalwart_dungeons:chorundum_armor_leggings": [
      1,
      0.57436
    ],
    "stalwart_dungeons:tungsten_leggings": [
      1,
      0.59056
    ],
    "stalwart_dungeons:warted_tungsten_leggings": [
      1,
      0.59056
    ],
    "twilightforest:arctic_leggings": [
      688,
      3.2725298
    ],
    "twilightforest:fiery_leggings": [
      1,
      0.58528
    ],
    "twilightforest:ironwood_leggings": [
      606,
      3.1658027
    ],
    "twilightforest:knightmetal_leggings": [
      245,
      3.2906084
    ],
    "twilightforest:naga_leggings": [
      423,
      3.5896065
    ],
    "twilightforest:steeleaf_leggings": [
      378,
      3.587771
    ],
    "twilightforest:yeti_leggings": [
      143,
      2.6511462
    ],
    "undergarden:cloggrum_leggings": [
      748,
      3.3275235
    ],
    "undergarden:froststeel_leggings": [
      186,
      2.9771285
    ],
    "undergarden:utherium_leggings": [
      22,
      2.42528
    ]
  },
  "CHEST": {
    "aoa3:alacrity_chestplate": [
      1,
      0.53304
    ],
    "aoa3:archaic_chestplate": [
      1,
      0.49828
    ],
    "aoa3:baron_chestplate": [
      1,
      0.49488
    ],
    "aoa3:battleborn_chestplate": [
      1,
      0.49956
    ],
    "aoa3:biogenic_chestplate": [
      1,
      0.57564
    ],
    "aoa3:boreic_chestplate": [
      1,
      0.50144
    ],
    "aoa3:candy_chestplate": [
      1,
      0.53052
    ],
    "aoa3:commander_chestplate": [
      1,
      0.50144
    ],
    "aoa3:crystallis_chestplate": [
      1,
      0.5324
    ],
    "aoa3:elecanyte_chestplate": [
      1,
      0.5008
    ],
    "aoa3:embrodium_chestplate": [
      1,
      0.56064004
    ],
    "aoa3:exoplate_chestplate": [
      1,
      0.56
    ],
    "aoa3:explosive_chestplate": [
      1,
      0.55308
    ],
    "aoa3:fungal_chestplate": [
      1,
      0.53616
    ],
    "aoa3:ghastly_chestplate": [
      1,
      0.50144
    ],
    "aoa3:ghoulish_chestplate": [
      1,
      0.50204
    ],
    "aoa3:hazmat_chestplate": [
      306,
      3.4874947
    ],
    "aoa3:hydrangic_chestplate": [
      1,
      0.53364
    ],
    "aoa3:hydroplate_chestplate": [
      1,
      0.49892002
    ],
    "aoa3:ice_chestplate": [
      429,
      3.5866778
    ],
    "aoa3:infernal_chestplate": [
      1,
      0.5644
    ],
    "aoa3:knight_chestplate": [
      1,
      0.4964
    ],
    "aoa3:lunar_chestplate": [
      1,
      0.5008
    ],
    "aoa3:lyndamyte_chestplate": [
      1,
      0.58055997
    ],
    "aoa3:lyonic_chestplate": [
      1,
      0.53836
    ],
    "aoa3:mercurial_chestplate": [
      1,
      0.56252
    ],
    "aoa3:necro_chestplate": [
      1,
      0.50016
    ],
    "aoa3:nethengeic_chestplate": [
      1,
      0.56316
    ],
    "aoa3:nightmare_chestplate": [
      1,
      0.5008
    ],
    "aoa3:omni_chestplate": [
      1,
      0.56816
    ],
    "aoa3:phantasm_chestplate": [
      1,
      0.53552
    ],
    "aoa3:poison_chestplate": [
      1,
      0.5324
    ],
    "aoa3:predatious_chestplate": [
      1,
      0.55688
    ],
    "aoa3:primordial_chestplate": [
      1,
      0.50144
    ],
    "aoa3:purity_chestplate": [
      1,
      0.51471996
    ],
    "aoa3:rockbone_chestplate": [
      1,
      0.56064004
    ],
    "aoa3:rosidian_chestplate": [
      1,
      0.53304
    ],
    "aoa3:runic_chestplate": [
      1,
      0.4916
    ],
    "aoa3:sharpshot_chestplate": [
      1,
      0.53364
    ],
    "aoa3:skeletal_chestplate": [
      1,
      0.56188
    ],
    "aoa3:spaceking_chestplate": [
      1,
      0.50144
    ],
    "aoa3:speed_chestplate": [
      1,
      0.50724
    ],
    "aoa3:subterranean_chestplate": [
      1,
      0.5594
    ],
    "aoa3:utopian_chestplate": [
      1,
      0.57115996
    ],
    "aoa3:void_chestplate": [
      1,
      0.58684003
    ],
    "aoa3:weaken_chestplate": [
      1,
      0.56128
    ],
    "aoa3:wither_chestplate": [
      1,
      0.53428
    ],
    "aoa3:zargonite_chestplate": [
      1,
      0.50016
    ],
    "create:copper_backtank": [
      1141,
      3.3009238
    ],
    "create:netherite_backtank": [
      361,
      3.5755088
    ],
    "dimdoors:garment_of_reality_chestplate": [
      1302,
      3.133582
    ],
    "dimdoors:world_thread_chestplate": [
      1302,
      3.133582
    ],
    "inventorypets:patreon_shirt": [
      1,
      0.57259995
    ],
    "inventorypets:solstice_chestplate": [
      1,
      0.44856
    ],
    "irons_spellbooks:archevoker_chestplate": [
      29,
      1.1569993
    ],
    "irons_spellbooks:cryomancer_chestplate": [
      29,
      1.1569993
    ],
    "irons_spellbooks:cultist_chestplate": [
      29,
      1.1569993
    ],
    "irons_spellbooks:electromancer_chestplate": [
      29,
      1.1569993
    ],
    "irons_spellbooks:plagued_chestplate": [
      29,
      1.1569993
    ],
    "irons_spellbooks:priest_chestplate": [
      29,
      1.1569993
    ],
    "irons_spellbooks:pumpkin_chestplate": [
      90,
      2.0954266
    ],
    "irons_spellbooks:pyromancer_chestplate": [
      29,
      1.1569993
    ],
    "irons_spellbooks:shadowwalker_chestplate": [
      29,
      1.1569993
    ],
    "irons_spellbooks:wandering_magician_chestplate": [
      805,
      3.3633065
    ],
    "minecolonies:pirate_chest": [
      487,
      3.5229917
    ],
    "minecolonies:pirate_top": [
      88,
      2.070242
    ],
    "minecolonies:plate_armor_chest": [
      1,
      0.58704
    ],
    "minecraft:chainmail_chestplate": [
      1098,
      3.3319101
    ],
    "minecraft:diamond_chestplate": [
      444,
      3.5762582
    ],
    "minecraft:golden_chestplate": [
      1201,
      3.2477574
    ],
    "minecraft:iron_chestplate": [
      954,
      3.3890054
    ],
    "minecraft:leather_chestplate": [
      1356,
      3.060545
    ],
    "minecraft:netherite_chestplate": [
      361,
      3.5755088
    ],
    "mysticalagriculture:awakened_supremium_chestplate": [
      1,
      0.36420003
    ],
    "mysticalagriculture:imperium_chestplate": [
      1,
      0.51092
    ],
    "mysticalagriculture:inferium_chestplate": [
      1,
      0.59040004
    ],
    "mysticalagriculture:prudentium_chestplate": [
      1,
      0.57128
    ],
    "mysticalagriculture:supremium_chestplate": [
      1,
      0.43048
    ],
    "mysticalagriculture:tertium_chestplate": [
      1,
      0.54628
    ],
    "stalwart_dungeons:chorundum_armor_chestplate": [
      1,
      0.57436
    ],
    "stalwart_dungeons:tungsten_chestplate": [
      1,
      0.59056
    ],
    "stalwart_dungeons:warted_tungsten_chestplate": [
      1,
      0.59056
    ],
    "twilightforest:arctic_chestplate": [
      688,
      3.2725298
    ],
    "twilightforest:fiery_chestplate": [
      1,
      0.58528
    ],
    "twilightforest:ironwood_chestplate": [
      606,
      3.1658027
    ],
    "twilightforest:knightmetal_chestplate": [
      245,
      3.2906084
    ],
    "twilightforest:naga_chestplate": [
      423,
      3.5896065
    ],
    "twilightforest:phantom_chestplate": [
      60,
      1.6769583
    ],
    "twilightforest:steeleaf_chestplate": [
      378,
      3.587771
    ],
    "twilightforest:yeti_chestplate": [
      143,
      2.6511462
    ],
    "undergarden:cloggrum_chestplate": [
      748,
      3.3275235
    ],
    "undergarden:froststeel_chestplate": [
      186,
      2.9771285
    ],
    "undergarden:masticated_chestplate": [
      1,
      0.59047997
    ],
    "undergarden:utherium_chestplate": [
      22,
      2.42528
    ]
  },
  "HEAD": {
    "aoa3:achelos_helmet": [
      1,
      0.50268
    ],
    "aoa3:alacrity_helmet": [
      1,
      0.53304
    ],
    "aoa3:archaic_helmet": [
      1,
      0.49828
    ],
    "aoa3:baron_helmet": [
      1,
      0.49488
    ],
    "aoa3:battleborn_helmet": [
      1,
      0.49956
    ],
    "aoa3:biogenic_helmet": [
      1,
      0.57564
    ],
    "aoa3:boreic_helmet": [
      1,
      0.50144
    ],
    "aoa3:candy_helmet": [
      1,
      0.53052
    ],
    "aoa3:commander_helmet": [
      1,
      0.50144
    ],
    "aoa3:crystallis_helmet": [
      1,
      0.5324
    ],
    "aoa3:elecanyte_helmet": [
      1,
      0.5008
    ],
    "aoa3:embrodium_helmet": [
      1,
      0.56064004
    ],
    "aoa3:exoplate_helmet": [
      1,
      0.56
    ],
    "aoa3:explosive_helmet": [
      1,
      0.55308
    ],
    "aoa3:face_mask": [
      1,
      0.54491997
    ],
    "aoa3:fungal_helmet": [
      1,
      0.53616
    ],
    "aoa3:ghastly_helmet": [
      1,
      0.50144
    ],
    "aoa3:ghoulish_helmet": [
      1,
      0.50204
    ],
    "aoa3:hazmat_helmet": [
      306,
      3.4874947
    ],
    "aoa3:helm_of_the_dextrous": [
      1,
      0.50172
    ],
    "aoa3:helm_of_the_dryad": [
      1,
      0.50172
    ],
    "aoa3:helm_of_the_trawler": [
      1,
      0.50172
    ],
    "aoa3:helm_of_the_treasurer": [
      1,
      0.50172
    ],
    "aoa3:helm_of_the_warrior": [
      1,
      0.50172
    ],
    "aoa3:hydrangic_helmet": [
      1,
      0.53364
    ],
    "aoa3:hydroplate_helmet": [
      1,
      0.49892002
    ],
    "aoa3:ice_helmet": [
      429,
      3.5866778
    ],
    "aoa3:infernal_helmet": [
      1,
      0.5644
    ],
    "aoa3:knight_helmet": [
      1,
      0.4964
    ],
    "aoa3:lunar_helmet": [
      1,
      0.5008
    ],
    "aoa3:lyndamyte_helmet": [
      1,
      0.58055997
    ],
    "aoa3:lyonic_helmet": [
      1,
      0.53836
    ],
    "aoa3:mercurial_helmet": [
      1,
      0.56252
    ],
    "aoa3:necro_helmet": [
      1,
      0.50016
    ],
    "aoa3:nethengeic_helmet": [
      1,
      0.56316
    ],
    "aoa3:night_vision_goggles": [
      847,
      3.380092
    ],
    "aoa3:nightmare_helmet": [
      1,
      0.5008
    ],
    "aoa3:oceanus_helmet": [
      1,
      0.50268
    ],
    "aoa3:omni_helmet": [
      1,
      0.56816
    ],
    "aoa3:phantasm_helmet": [
      1,
      0.53552
    ],
    "aoa3:poison_helmet": [
      1,
      0.5324
    ],
    "aoa3:predatious_helmet": [
      1,
      0.55688
    ],
    "aoa3:primordial_helmet": [
      1,
      0.50144
    ],
    "aoa3:purity_helmet": [
      1,
      0.51471996
    ],
    "aoa3:rockbone_helmet": [
      1,
      0.56064004
    ],
    "aoa3:rosidian_helmet": [
      1,
      0.53304
    ],
    "aoa3:runic_helmet": [
      1,
      0.4916
    ],
    "aoa3:sealord_helmet": [
      1,
      0.50268
    ],
    "aoa3:sharpshot_helmet": [
      1,
      0.53364
    ],
    "aoa3:skeletal_helmet": [
      1,
      0.56188
    ],
    "aoa3:spaceking_helmet": [
      1,
      0.50144
    ],
    "aoa3:speed_helmet": [
      1,
      0.50724
    ],
    "aoa3:subterranean_helmet": [
      1,
      0.5594
    ],
    "aoa3:utopian_helmet": [
      1,
      0.57115996
    ],
    "aoa3:void_helmet": [
      1,
      0.58684003
    ],
    "aoa3:weaken_helmet": [
      1,
      0.56128
    ],
    "aoa3:wither_helmet": [
      1,
      0.53428
    ],
    "aoa3:zargonite_helmet": [
      1,
      0.50016
    ],
    "create:copper_diving_helmet": [
      1141,
      3.3009238
    ],
    "create:netherite_diving_helmet": [
      361,
      3.5755088
    ],
    "dimdoors:garment_of_reality_helmet": [
      1302,
      3.133582
    ],
    "dimdoors:world_thread_helmet": [
      1302,
      3.133582
    ],
    "inventorypets:patreon_head": [
      1,
      0.57259995
    ],
    "inventorypets:solstice_helmet": [
      1,
      0.44856
    ],
    "irons_spellbooks:archevoker_helmet": [
      29,
      1.1569993
    ],
    "irons_spellbooks:cryomancer_helmet": [
      29,
      1.1569993
    ],
    "irons_spellbooks:cultist_helmet": [
      29,
      1.1569993
    ],
    "irons_spellbooks:electromancer_helmet": [
      29,
      1.1569993
    ],
    "irons_spellbooks:plagued_helmet": [
      29,
      1.1569993
    ],
    "irons_spellbooks:priest_helmet": [
      29,
      1.1569993
    ],
    "irons_spellbooks:pumpkin_helmet": [
      90,
      2.0954266
    ],
    "irons_spellbooks:pyromancer_helmet": [
      29,
      1.1569993
    ],
    "irons_spellbooks:shadowwalker_helmet": [
      29,
      1.1569993
    ],
    "irons_spellbooks:tarnished_helmet": [
      1178,
      3.269474
    ],
    "irons_spellbooks:wandering_magician_helmet": [
      805,
      3.3633065
    ],
    "iwannaskate:beanie": [
      1356,
      3.060545
    ],
    "iwannaskate:skater_cap": [
      1356,
      3.060545
    ],
    "iwannaskate:spiked_skater_helmet": [
      954,
      3.3890054
    ],
    "minecolonies:build_goggles": [
      1443,
      2.926337
    ],
    "minecolonies:pirate_cap": [
      487,
      3.5229917
    ],
    "minecolonies:pirate_hat": [
      88,
      2.070242
    ],
    "minecolonies:plate_armor_helmet": [
      1,
      0.58704
    ],
    "minecolonies:santa_hat": [
      1,
      0.34268
    ],
    "minecraft:chainmail_helmet": [
      1098,
      3.3319101
    ],
    "minecraft:diamond_helmet": [
      444,
      3.5762582
    ],
    "minecraft:golden_helmet": [
      1201,
      3.2477574
    ],
    "minecraft:iron_helmet": [
      954,
      3.3890054
    ],
    "minecraft:leather_helmet": [
      1356,
      3.060545
    ],
    "minecraft:netherite_helmet": [
      361,
      3.5755088
    ],
    "minecraft:turtle_helmet": [
      865,
      3.3849142
    ],
    "mysticalagriculture:awakened_supremium_helmet": [
      1,
      0.36420003
    ],
    "mysticalagriculture:imperium_helmet": [
      1,
      0.51092
    ],
    "mysticalagriculture:inferium_helmet": [
      1,
      0.59040004
    ],
    "mysticalagriculture:prudentium_helmet": [
      1,
      0.57128
    ],
    "mysticalagriculture:supremium_helmet": [
      1,
      0.43048
    ],
    "mysticalagriculture:tertium_helmet": [
      1,
      0.54628
    ],
    "stalwart_dungeons:chorundum_armor_helmet": [
      1,
      0.57436
    ],
    "stalwart_dungeons:tungsten_helmet": [
      1,
      0.59056
    ],
    "stalwart_dungeons:warted_tungsten_helmet": [
      1,
      0.59056
    ],
    "twilightforest:arctic_helmet": [
      688,
      3.2725298
    ],
    "twilightforest:fiery_helmet": [
      1,
      0.58528
    ],
    "twilightforest:ironwood_helmet": [
      606,
      3.1658027
    ],
    "twilightforest:knightmetal_helmet": [
      245,
      3.2906084
    ],
    "twilightforest:phantom_helmet": [
      60,
      1.6769583
    ],
    "twilightforest:steeleaf_helmet": [
      378,
      3.587771
    ],
    "twilightforest:yeti_helmet": [
      143,
      2.6511462
    ],
    "undergarden:cloggrum_helmet": [
      748,
      3.3275235
    ],
    "undergarden:froststeel_helmet": [
      186,
      2.9771285
    ],
    "undergarden:utherium_helmet": [
      22,
      2.42528
    ]
  }
}